serial_no,dealer_name,state,city_district,phone,address,gst_no,board_type,width,height,qty,sqft,rate,amount,source_file
1,KISAN TRADERS,,BIJNOR,8923442222,"Vill- Ganj , Near Pinjab National Bank,Bijnor",09EAMPK2840L1ZA,,10,4,,,,42,D2R NLB LIST UPDATED TILL JUNE 25 FINAL (1) (1) (1).xlsx
2,ARIHANT CEMENT STORE,,BIJNOR,9997034113,"OPP.Milan Talkies, Najibabad Road ,Kiratpur",09AFWPJ8179A1ZW,,10,4,,,,42,D2R NLB LIST UPDATED TILL JUNE 25 FINAL (1) (1) (1).xlsx
3,SHRI DURGA TRADERS,,SAHARANPUR,9760081414,"OPP, Vikas Bhawan Delhi Road Saharanpur",09CHBPM1808A1ZU,,10,4,,,,42,D2R NLB LIST UPDATED TILL JUNE 25 FINAL (1) (1) (1).xlsx
4,KARANWAL STEEL TRADERS,,SAHARANPUR,9917783787,Manglore Road Deoband,09CLQPS3497E1ZB,,10,4,,,,42,D2R NLB LIST UPDATED TILL JUNE 25 FINAL (1) (1) (1).xlsx
5,AMAR CEMENT STORE,,SAHARANPUR,9758026530,"Near Bus Stand ,Main Road Titro",09DFNPS2822M1ZQ,,10,4,,,,42,D2R NLB LIST UPDATED TILL JUNE 25 FINAL (1) (1) (1).xlsx
6,RUDRA ENTERPRISES,,PYRAYAGRAJ,9559178552,"83L/9EA-3,00,BHOLA KA PURA,UTTAR PRADESH-211011",09DAVPK7277M1ZH,,10,4,,,,42,D2R NLB LIST UPDATED TILL JUNE 25 FINAL (1) (1) (1).xlsx
7,LAXMI TRADERS,,HARDOI,9918678701,Sadar Bazar Behander  Kasimpur Sandila,09AVKPG6113H1ZM,,10,4,,,,42,D2R NLB LIST UPDATED TILL JUNE 25 FINAL (1) (1) (1).xlsx
8,Kshitij Enterprises,,VARANASI,9793840001,"A 6/176-R-B,Shankarpuram colony,akhta,benipur,sarnath,varanasi-221007",09CXJPS1804A1ZN,,10,4,,,,42,D2R NLB LIST UPDATED TILL JUNE 25 FINAL (1) (1) (1).xlsx
9,SHRI RANI SATI IRON SUPPLIERS,,Sitapur,9415084791,"Station road, Maal Godam ,Sitapur",09ADNPL2136J1ZB,,10,4,,,,42,D2R NLB LIST UPDATED TILL JUNE 25 FINAL (1) (1) (1).xlsx
10,S S Enterprises,,Ayodhya,6386120615,Bilari maafi near Vanshvanpur Bikapur Ayodhya,09CDUPP4079H1ZP,,10,4,,,,42,D2R NLB LIST UPDATED TILL JUNE 25 FINAL (1) (1) (1).xlsx
11,Amay Enterprises,,Lucknow,9415149742,Vibhuti Nagar Bilgram Chungi Hardoi,09BAWPS2813L2ZV,,10,4,,,,42,D2R NLB LIST UPDATED TILL JUNE 25 FINAL (1) (1) (1).xlsx
12,Dinesh Cement Agency,,Agra,9259595209,"Kukatai, Sadabad Agra Road, Hathras",09AQYPV5848H1ZN,,10,4,,,,42,D2R NLB LIST UPDATED TILL JUNE 25 FINAL (1) (1) (1).xlsx
13,Balaji Cement Agency,,Agra,9536413151,"Jain Nagar, Bah, Agra",09COOPS9664A1ZA,,10,4,,,,42,D2R NLB LIST UPDATED TILL JUNE 25 FINAL (1) (1) (1).xlsx
14,R S Building Material,,Agra,8077142593,"Plot No. 1, Khasra No. 538, Abhaypura, Dhanauli, Malpura, Agra",09BECPT2784K1ZV,,10,4,,,,42,D2R NLB LIST UPDATED TILL JUNE 25 FINAL (1) (1) (1).xlsx
15,Rathor Building Material,,Agra,9719161648,"Mayapura Kalal Kheria, Ftehabad Road, Agra",09AJIPR6812L1ZM,,10,4,,,,42,D2R NLB LIST UPDATED TILL JUNE 25 FINAL (1) (1) (1).xlsx
16,Bansal Steel,,Mathura,8859669728,"1 Atla Chungi, Mathura Road, Vrindavan, Mathura",09AAVPA2967M3ZX,,10,4,,,,42,D2R NLB LIST UPDATED TILL JUNE 25 FINAL (1) (1) (1).xlsx
17,Gopal Iron Store,,Moradabad,9837032980,"15,College Market,Galshaheed Road ,Moradabad,244001",09ABHPA6336K1Z4,,10,4,,,,42,D2R NLB LIST UPDATED TILL JUNE 25 FINAL (1) (1) (1).xlsx
18,R.N Enterprises,,Moradabad,9927113755,"Near Bank of India,Delhi Road Pakbara,MDB",09AUFPG1897E1ZI,,10,4,,,,42,D2R NLB LIST UPDATED TILL JUNE 25 FINAL (1) (1) (1).xlsx
19,ARVIND STEEL & CEMENT SUPPLIERS,,Bareilly,9837634393,"OPP,Surya Banquet Hall,Nainital Road, Koharapeer ,Bareilly",09ABIPK2966Q1ZT,,10,4,,,,42,D2R NLB LIST UPDATED TILL JUNE 25 FINAL (1) (1) (1).xlsx
20,BALAJI ENTERPRISES,,Bareilly,9412345626,"Bisalpur Road Harunnagla ,Bareilly",09AOYPK0021P1ZE,,10,4,,,,42,D2R NLB LIST UPDATED TILL JUNE 25 FINAL (1) (1) (1).xlsx
21,TRIMURTI ENTERPRISES,,Bareilly,9837088264,"Subhash Nagar ,Badaun Road",09EWHPS0413L1Z7,,10,4,,,,42,D2R NLB LIST UPDATED TILL JUNE 25 FINAL (1) (1) (1).xlsx
22,MAHADEV ENTERPRISES,,Bareilly,9458423888,Badaun Road,09AHJPG5453F1ZB,,10,4,,,,42,D2R NLB LIST UPDATED TILL JUNE 25 FINAL (1) (1) (1).xlsx
23,SANTOSH WELDING WORKS & MONU BUILDING MATERIAL,,Chandauli,8303288909,"House No. 1/376, Sahityanaka, Ramnagar, Varanasi",09AQQPM1543A1ZY,,10,4,,,,42,D2R NLB LIST UPDATED TILL JUNE 25 FINAL (1) (1) (1).xlsx
,ACP Boards,,,,,,,21,4,,,,714,D2R NLB LIST UPDATED TILL JUNE 25 FINAL (1) (1) (1).xlsx
1,PRATEEK TRADERS (SHAKTI STEEL),HARYANA,PANIPAT,,,,,240,PRATEEK TRADERS (SHAKTI STEEL),1,80,175,14000,Delhi HR Boards_5th Feb_Invoice Final (1).xlsx
2,BAHALGARH STEEL UDYOG (KAMYA STEEL PVT LTD.),HARYANA,SONIPAT,,,,,600,BAHALGARH STEEL UDYOG (KAMYA STEEL PVT LTD.),1,200,175,35000,Delhi HR Boards_5th Feb_Invoice Final (1).xlsx
3,BAHALGARH STEEL UDYOG (KAMYA STEEL PVT LTD.),HARYANA,SONIPAT,,,,,600,BAHALGARH STEEL UDYOG (KAMYA STEEL PVT LTD.),1,200,60,12000,Delhi HR Boards_5th Feb_Invoice Final (1).xlsx
4,SOHAN TRADING CO.,HARYANA,GOHANA,,,,,420,SOHAN TRADING CO.,1,140,175,24500,Delhi HR Boards_5th Feb_Invoice Final (1).xlsx
5,SOHAN TRADING CO.,HARYANA,GOHANA,,,,,420,SOHAN TRADING CO.,1,140,60,8400,Delhi HR Boards_5th Feb_Invoice Final (1).xlsx
6,GANPATI STEELS,HARYANA,JIND,,,,,240,GANPATI STEELS,1,80,175,14000,Delhi HR Boards_5th Feb_Invoice Final (1).xlsx
7,SHREE SALASAR TRADING CO,HARYANA,HANSI,,,,,300,SHREE SALASAR TRADING CO,1,125,175,21875,Delhi HR Boards_5th Feb_Invoice Final (1).xlsx
8,BABA SHEOT NATH CEMENT STORE,HARYANA,MAHAM,,,,,240,BABA SHEOT NATH CEMENT STORE,1,80,175,14000,Delhi HR Boards_5th Feb_Invoice Final (1).xlsx
9,PUSHPA CONSTRUCTION COMPANY,HARYANA,HISSAR,,,,,156,PUSHPA CONSTRUCTION COMPANY,1,65,175,11375,Delhi HR Boards_5th Feb_Invoice Final (1).xlsx
10,PARBHU DAYAL AND SONS,HARYANA,HISSAR,,,,,144,PARBHU DAYAL AND SONS,1,36,175,6300,Delhi HR Boards_5th Feb_Invoice Final (1).xlsx
11,R. S. BUILDING MATERIAL,HARYANA,SIRSA,,,,,144,R. S. BUILDING MATERIAL,1,60,175,10500,Delhi HR Boards_5th Feb_Invoice Final (1).xlsx
12,AGGARWAL CEMENT AND BUILDING MATERIAL,HARYANA,UKLANA,,,,,240,AGGARWAL CEMENT AND BUILDING MATERIAL,1,80,175,14000,Delhi HR Boards_5th Feb_Invoice Final (1).xlsx
13,PREETI TRADELINK PRIVATE LIMITED,HARYANA,FARIDABAD,,,,,216,PREETI TRADELINK PRIVATE LIMITED,2,72,175,25200,Delhi HR Boards_5th Feb_Invoice Final (1).xlsx
14,SHREE SHYAM STEEL,HARYANA,GURGAON,,,,,288,SHREE SHYAM STEEL,1,96,175,16800,Delhi HR Boards_5th Feb_Invoice Final (1).xlsx
15,Yadav Iron Store,HARYANA,REWARI,,,,,240,Yadav Iron Store,1,80,175,14000,Delhi HR Boards_5th Feb_Invoice Final (1).xlsx
16,M/S R.K MARBLE & BUILDING MATERIAL,HARYANA,BHIWANI,,,,,168,M/S R.K MARBLE & BUILDING MATERIAL,1,56,42,2352,Delhi HR Boards_5th Feb_Invoice Final (1).xlsx
17,R.G. TRADING CO.,HARYANA,SAMALKHA,,,,,438,R.G. TRADING CO.,1,148,42,6216,Delhi HR Boards_5th Feb_Invoice Final (1).xlsx
18,Shri Balaji Traders,HARYANA,JIND,,,,,312,Shri Balaji Traders,1,130,42,5460,Delhi HR Boards_5th Feb_Invoice Final (1).xlsx
19,Choudhary Trading co,HARYANA,BADALA,,,,,228,Choudhary Trading co,1,76,42,3192,Delhi HR Boards_5th Feb_Invoice Final (1).xlsx
20,OM PARKASH LAJPAT RAI (OMI LOHIA),HARYANA,PILUKHERA,,,,,300,OM PARKASH LAJPAT RAI (OMI LOHIA),1,100,42,4200,Delhi HR Boards_5th Feb_Invoice Final (1).xlsx
21,Haryana Steel,HARYANA,BHIWANI,,,,,444,Haryana Steel,1,148,42,6216,Delhi HR Boards_5th Feb_Invoice Final (1).xlsx
22,M.R TRADERS,HARYANA,FATEHABAD,,,,,264,M.R TRADERS,1,88,42,3696,Delhi HR Boards_5th Feb_Invoice Final (1).xlsx
23,KHATU SHYAM ENTERPRISES,HARYANA,BHATTU MANDI,,,,,216,KHATU SHYAM ENTERPRISES,1,72,42,3024,Delhi HR Boards_5th Feb_Invoice Final (1).xlsx
24,NAVEEN TRADING COMPANY,HARYANA,ROHTAK,,,,,240,NAVEEN TRADING COMPANY,1,80,42,3360,Delhi HR Boards_5th Feb_Invoice Final (1).xlsx
25,OM TRADERS(SHREE KRISHNA BUILDERS & STEEL),HARYANA,ROHTAK,,,,,420,OM TRADERS(SHREE KRISHNA BUILDERS & STEEL),1,280,42,11760,Delhi HR Boards_5th Feb_Invoice Final (1).xlsx
26,Shree Shyam Enterprises,HARYANA,BHAGOUTIPUR,,,,,240,Shree Shyam Enterprises,1,80,42,3360,Delhi HR Boards_5th Feb_Invoice Final (1).xlsx
27,JITENDRA TRADERS,HARYANA,BAHADURGARH,,,,,228,JITENDRA TRADERS,1,95,42,3990,Delhi HR Boards_5th Feb_Invoice Final (1).xlsx
28,SHARMA TRADERS,HARYANA,FARUKHNAGAR,,,,,324,SHARMA TRADERS,1,108,42,4536,Delhi HR Boards_5th Feb_Invoice Final (1).xlsx
29,OM TRADERS COMPANY,HARYANA,BHONDSI,,,,,240,OM TRADERS COMPANY,1,100,42,4200,Delhi HR Boards_5th Feb_Invoice Final (1).xlsx
30,KRISHNA STEELS(GOURAV STEELS),HARYANA,FARIDABAD,,,,,500,KRISHNA STEELS(GOURAV STEELS),1,336,42,14112,Delhi HR Boards_5th Feb_Invoice Final (1).xlsx
31,MS RAJDHANI SALES CORPORATION,DELHI,MEHRAULI,,,,,240,MS RAJDHANI SALES CORPORATION,1,80,42,3360,Delhi HR Boards_5th Feb_Invoice Final (1).xlsx
32,Aggarwal Building Material store (hodal),HARYANA,HODAL,,,,,326,Aggarwal Building Material store (hodal),1,112,42,4704,Delhi HR Boards_5th Feb_Invoice Final (1).xlsx
33,S R ENTERPRISES,HARYANA,GURGAON,,,,,264,S R ENTERPRISES,1,88,42,3696,Delhi HR Boards_5th Feb_Invoice Final (1).xlsx
34,AMBA TRADING COMPANY INDIA,HARYANA,GURGAON,,,,,144,AMBA TRADING COMPANY INDIA,1,60,42,2520,Delhi HR Boards_5th Feb_Invoice Final (1).xlsx
35,R.K. TRADERS,HARYANA,DHARUHERA,,,,,144,R.K. TRADERS,1,60,42,2520,Delhi HR Boards_5th Feb_Invoice Final (1).xlsx
36,Aakash Steel India,HARYANA,GURGAON,,,,,168,Aakash Steel India,1,70,42,2940,Delhi HR Boards_5th Feb_Invoice Final (1).xlsx
37,BANSAL IRON STORE,HARYANA,MAHENDERGARH,,,,,324,BANSAL IRON STORE,1,108,42,4536,Delhi HR Boards_5th Feb_Invoice Final (1).xlsx
38,LAXMI TIMBER TRADING CO,Delhi,DELHI,,,,,360,LAXMI TIMBER TRADING CO,1,120,42,5040,Delhi HR Boards_5th Feb_Invoice Final (1).xlsx
39,RAM DHAN ASHOK KUMAR,Delhi,DELHI,,,,,458,RAM DHAN ASHOK KUMAR,1,156,42,6552,Delhi HR Boards_5th Feb_Invoice Final (1).xlsx
40,JAGDAMBA STEEL AND CEMENT STORE,DELHI,SOUTH WEST,,,,,240,JAGDAMBA STEEL AND CEMENT STORE,1,80,42,3360,Delhi HR Boards_5th Feb_Invoice Final (1).xlsx
41,DADA HARIDASS CONSTRUCTION COMPANY,DELHI,SOUTH WEST,,,,,42,DADA HARIDASS CONSTRUCTION COMPANY,1,28,42,1176,Delhi HR Boards_5th Feb_Invoice Final (1).xlsx
42,HINDUSTAN STEEL,Delhi,Delhi,,,,,360,HINDUSTAN STEEL,1,120,42,5040,Delhi HR Boards_5th Feb_Invoice Final (1).xlsx
43,Shree Shyam Balaji Steel,Delhi,Delhi,,,,,240,Shree Shyam Balaji Steel,1,60,42,2520,Delhi HR Boards_5th Feb_Invoice Final (1).xlsx
44,SHREE BALAJI STEEL AND CEMENT,DELHI,SOUTH,,,,,264,SHREE BALAJI STEEL AND CEMENT,1,88,42,3696,Delhi HR Boards_5th Feb_Invoice Final (1).xlsx
45,JSW - Chattarpur,DELHI,SOUTH,,,,,156,JSW - Chattarpur,1,52,175,9100,Delhi HR Boards_5th Feb_Invoice Final (1).xlsx
46,JSW - Chattarpur,DELHI,SOUTH,,,,,220,JSW - Chattarpur,1,57,42,2394,Delhi HR Boards_5th Feb_Invoice Final (1).xlsx
47,JSW - Chattarpur,DELHI,SOUTH,,,,,84,JSW - Chattarpur,1,28,42,1176,Delhi HR Boards_5th Feb_Invoice Final (1).xlsx
48,JSW - Chattarpur,DELHI,SOUTH,,,,,41,JSW - Chattarpur,1,12,42,504,Delhi HR Boards_5th Feb_Invoice Final (1).xlsx
Sub Total,,,,,,,,,,,,,386458,Delhi HR Boards_5th Feb_Invoice Final (1).xlsx
GST @ 18%,,,,,,,,,,,,,69562.44,Delhi HR Boards_5th Feb_Invoice Final (1).xlsx
G Total,,,,,,,,,,,,,456020.44,Delhi HR Boards_5th Feb_Invoice Final (1).xlsx
1,Vardhman Steels,HRY,Ambala,9215167249,"13, NEW COLONY, OPPO. INDUSTRAIL AREA JAGHADHARI ROAD, AMBALA CANTT, Ambala, Haryana, 133001",06BFMPJ5432F1ZJ,GSB,420,9215167249,1,140,175,24500,GSB -  June 2025_300625 (2).xlsx
2,Vardhman Steels,HRY,Ambala,9215167249,"13, NEW COLONY, OPPO. INDUSTRAIL AREA JAGHADHARI ROAD, AMBALA CANTT, Ambala, Haryana, 133001",06BFMPJ5432F1ZJ,Angle,420,9215167249,1,70,60,4200,GSB -  June 2025_300625 (2).xlsx
3,Kamal Enterprises(ARUN TRADING AGENCY),HRY,JAGADHRI,9053154000,"OPP. PUNJAB NATIONAL BANK, GOBINDPURI, YAMUNA NAGAR, KAMAL ENTERPRISES, GOBINDPURI BYE PASS ROAD, YAMUNA NAGAR, YAMUNA NAGAR, Yamunanagar, Haryana, 135001",06AANPA5708L1ZM,GSB,840,9053154000,1,280,175,49000,GSB -  June 2025_300625 (2).xlsx
4,Kamal Enterprises(ARUN TRADING AGENCY),HRY,JAGADHRI,9053154000,"OPP. PUNJAB NATIONAL BANK, GOBINDPURI, YAMUNA NAGAR, KAMAL ENTERPRISES, GOBINDPURI BYE PASS ROAD, YAMUNA NAGAR, YAMUNA NAGAR, Yamunanagar, Haryana, 135001",06AANPA5708L1ZM,Angle,840,9053154000,1,140,60,8400,GSB -  June 2025_300625 (2).xlsx
5,SHREE SHYAM STEEL,HRY,Kharkhoda,8199017850,"MUSTIL NO. 1/5 KILA NO. 160/24, DELHI BYPASS ROAD, NEAR SAINI WORKSHOP, Kharkhoda, Sonipat, Haryana, 131402",06DXWPK7699D1ZK,NLB,144,8199017850,1,60,42,2520,GSB -  June 2025_300625 (2).xlsx
6,SHREE SHYAM STEEL,HRY,Kharkhoda,8199017850,"MUSTIL NO. 1/5 KILA NO. 160/24, DELHI BYPASS ROAD, NEAR SAINI WORKSHOP, Kharkhoda, Sonipat, Haryana, 131402",06DXWPK7699D1ZK,GSB,264,8199017850,1,88,175,15400,GSB -  June 2025_300625 (2).xlsx
7,R L ISPAT PRIVATE LIMITED,HRY,ATERNA SONIPAT,9811229398,"KHEWAT NO 203, KHATA NO. 279, HSIIDC ROAD,, VILLAGE ATERNA, TEHSIL-RAI,, Sonipat, Haryana, 131023",06AADCR1068H1ZI,NLB,156,9811229398,1,65,42,2730,GSB -  June 2025_300625 (2).xlsx
8,R L ISPAT PRIVATE LIMITED,HRY,ATERNA SONIPAT,9811229398,"KHEWAT NO 203, KHATA NO. 279, HSIIDC ROAD,, VILLAGE ATERNA, TEHSIL-RAI,, Sonipat, Haryana, 131023",06AADCR1068H1ZI,NLB,144,9811229398,1,48,42,2016,GSB -  June 2025_300625 (2).xlsx
9,R L ISPAT PRIVATE LIMITED,HRY,ATERNA SONIPAT,9811229398,"KHEWAT NO 203, KHATA NO. 279, HSIIDC ROAD,, VILLAGE ATERNA, TEHSIL-RAI,, Sonipat, Haryana, 131023",06AADCR1068H1ZI,GSB,180,9811229398,1,75,175,13125,GSB -  June 2025_300625 (2).xlsx
10,R L ISPAT PRIVATE LIMITED,HRY,ATERNA SONIPAT,9811229398,"KHEWAT NO 203, KHATA NO. 279, HSIIDC ROAD,, VILLAGE ATERNA, TEHSIL-RAI,, Sonipat, Haryana, 131023",06AADCR1068H1ZI,GSB,204,9811229398,1,68,175,11900,GSB -  June 2025_300625 (2).xlsx
11,Khatu Shyam Enterprises,HRY,Bhattu,9416168211,"Bhattu mandi, Bhattu",,GSB,240,9416168211,1,80,175,14000,GSB -  June 2025_300625 (2).xlsx
12,CITY BUILDER,HRY,Rohtak,8607404070,"PLOT NO 4, Unnamed Road, FASTag Centre, BHAIYA PUR, Makrouli Khurd, Rohtak, Haryana, 124401",06CGIPK8740F1ZA,GSB,222,8607404070,1,74,175,12950,GSB -  June 2025_300625 (2).xlsx
13,BANARSI DASS JAI BHAGWAN,HRY,UCHANA,9467061910,"Anaj Mandi, Uchana, Jind - 126102",06ABRPP2000M1ZK,GSB,204,9467061910,1,68,175,11900,GSB -  June 2025_300625 (2).xlsx
14,KISAN CEMENT STORE,HRY,BARWALA,7082516637,"Railway Road, Near Anaj Mandi, Barwala, Hisar - 125121",06ASOPK2551J1ZJ,GSB,180,7082516637,1,60,175,10500,GSB -  June 2025_300625 (2).xlsx
15,CHOUDHARY CEMENT STORE,HRY,KITLANA,9991166317,"KITLANA MOD, KITLANA MOD, VILL. KITLANA, Bhiwani, Haryana, 127021",06AGSPC0171E1ZR,GSB,336,9991166317,1,168,175,29400,GSB -  June 2025_300625 (2).xlsx
16,CHOUDHARY CEMENT STORE,HRY,KITLANA,9991166317,"KITLANA MOD, KITLANA MOD, VILL. KITLANA, Bhiwani, Haryana, 127021",06AGSPC0171E1ZR,Angle,336,9991166317,1,56,60,3360,GSB -  June 2025_300625 (2).xlsx
17,Aggarwal Traders,HRY,HANSI,9253325410,"Jind Road, Hansi, Hisar - 125033",06IHFPS0356P1ZK,NLB,89,9253325410,1,74.16666666666667,42,3115,GSB -  June 2025_300625 (2).xlsx
18,Aggarwal Traders,HRY,HANSI,9253325410,"Jind Road, Hansi, Hisar - 125033",06IHFPS0356P1ZK,GSB,240,9253325410,1,80,175,14000,GSB -  June 2025_300625 (2).xlsx
19,KHANDELWAL STEEL CENTRE,UP,Ghaziabad,9810123317,"131, LOHA MANDI GHAZIABAD, U.P-201009",09ABIPC2166J1ZN,GSB,240,9810123317,1,100,175,17500,GSB -  June 2025_300625 (2).xlsx
20,TANISHQ TRADING COMPANY,UP,Ghaziabad,9810013804,"GROUND FLOOR PLOT NO.27, G.T ROAD RAJENDER NAGAR, Mohan Nagar, Ghaziabad, Ghaziabad, Uttar Pradesh, 201007 Sahibabad",09AAHPG2708C1Z5,GSB,216,9810013804,1,72,175,12600,GSB -  June 2025_300625 (2).xlsx
21,RUBY ENGINNERING & STEEL TRADERS,UP,Ghaziabad,9312572426,"H NO 433, GALI NO 2, MEERUT ROAD, HINDON VIHAR, Ghaziabad, Uttar Pradesh, 201001",09AAIFR8527K1ZK,NLB,180,9312572426,1,60,42,2520,GSB -  June 2025_300625 (2).xlsx
22,Prabhu Traders,UP,Ghaziabad,9540744303,"10A/176 GF, VASUNDHARA, GHAZIABAD, Ghaziabad, Uttar Pradesh, 201012",09BELPJ9147K1ZT,NLB,48,9540744303,2,48,42,2016,GSB -  June 2025_300625 (2).xlsx
23,Prabhu Traders,UP,Ghaziabad,9540744303,"10A/176 GF, VASUNDHARA, GHAZIABAD, Ghaziabad, Uttar Pradesh, 201012",09BELPJ9147K1ZT,GSB,96,9540744303,1,21.333333333333332,175,3733.333333333333,GSB -  June 2025_300625 (2).xlsx
24,GAJRAJ ENTERPRISES,UP,Ghaziabad,98108003320,"SHOP NO 9 , GDA SHOPING COMPLEX SHAKTIKHAND 1 , INDIRAPURAM GHAZIABAD",09AMIPK4348K1ZM,GSB,120,98108003320,1,30,175,5250,GSB -  June 2025_300625 (2).xlsx
25,GANGOTRI STEEL SYNDICATE,UP,Ghaziabad,9810021885,"113/8, NAVYUG MARKET, GHAZIABAD, Ghaziabad, Up 201001",09ACEPG2271P1ZB,GSB,224,9810021885,1,74.66666666666667,175,13066.666666666668,GSB -  June 2025_300625 (2).xlsx
26,Ankit Trading Company,UP,Dadri,9911897773,JARCHA ROAD,09AJTPG7743E1ZT,GSB,300,9911897773,1,75,175,13125,GSB -  June 2025_300625 (2).xlsx
27,MAMVEER TRADERS,UP,Shobhapur,9927029216,Rohta Road by pass Crossing Shobhapur UP 250005,09ACFPG8479E1ZB,NLB,240,9927029216,1,80,42,3360,GSB -  June 2025_300625 (2).xlsx
28,MITTAL TRADERS,UP,Meerut,8447677996,"1414/3, SHASTRI NAGAR, Meerut, Meerut, Uttar Pradesh, 250004",09CGLPG0445C1ZP,GSB,324,8447677996,1,135,175,23625,GSB -  June 2025_300625 (2).xlsx
29,MITTAL TRADERS,UP,Meerut,8447677996,"1414/3, SHASTRI NAGAR, Meerut, Meerut, Uttar Pradesh, 250004",09CGLPG0445C1ZP,Angle,324,8447677996,1,54,60,3240,GSB -  June 2025_300625 (2).xlsx
30,ARSH ENTERPRISE,UP,MODINAGAR,9259529737,"1265/3,UNCHI SADAK,MODINAGAR UP 201204",09AYGPN9692M1ZC,GSB,360,9259529737,1,150,175,26250,GSB -  June 2025_300625 (2).xlsx
31,ARSH ENTERPRISE,UP,MODINAGAR,9259529737,"1265/3,UNCHI SADAK,MODINAGAR UP 201204",09AYGPN9692M1ZC,Angle,360,9259529737,1,60,60,3600,GSB -  June 2025_300625 (2).xlsx
32,SHYAM INTERNATIONAL,HRY,Gurgaon,9810006355,"BASAI CHOWK, NEAR STAR BANQUET HALL, SECTOR 9, 10 ROAD, GURGAON, Gurugram, Haryana, 122001",06AKHPC9980A1ZA,GSB,240,9810006355,1,80,175,14000,GSB -  June 2025_300625 (2).xlsx
33,RAHUL STEEL CORPORATION,HRY,Gurgaon,9911008856,"PATUDI ROAD, NEAR BHARAT GAS GODOWN, GURUGRAM, Gurugram, Haryana, 122006",06AXRPK1152F1ZK,NLB,240,9911008856,2,240,42,10080,GSB -  June 2025_300625 (2).xlsx
34,RAHUL STEEL CORPORATION,HRY,Gurgaon,9911008856,"PATUDI ROAD, NEAR BHARAT GAS GODOWN, GURUGRAM, Gurugram, Haryana, 122006",06AXRPK1152F1ZK,GSB,240,9911008856,1,100,175,17500,GSB -  June 2025_300625 (2).xlsx
35,CHOPRA ENTERPRISES,HRY,Gurgaon,9999229130,"33, MILESTONE, NEAR JHARSA CHOWK, GURGAON, Gurugram, Haryana, 122001",06AVEPC4786G1ZL,NLB,356,9999229130,1,207.66666666666666,42,8722,GSB -  June 2025_300625 (2).xlsx
36,CHOPRA ENTERPRISES,HRY,Gurgaon,9999229130,"33, MILESTONE, NEAR JHARSA CHOWK, GURGAON, Gurugram, Haryana, 122001",06AVEPC4786G1ZL,GSB,288,9999229130,1,120,175,21000,GSB -  June 2025_300625 (2).xlsx
37,Sharma steels and pipes,HRY,DHARUHERA,9812024665,SOHNA ROAD,,GSB,312,9812024665,1,208,175,36400,GSB -  June 2025_300625 (2).xlsx
38,Sharma steels and pipes,HRY,DHARUHERA,9812024665,SOHNA ROAD,,Angle,312,9812024665,1,52,60,3120,GSB -  June 2025_300625 (2).xlsx
39,P/S Madhav Steel  traders(BABA STEELS),Delhi,New Delhi,9810749829,A-85-86 Dabri -palm road vaishali colony dasrathpuri new delh -110045,07ALJPG4537C1ZD,GSB,204,9810749829,1,68,175,11900,GSB -  June 2025_300625 (2).xlsx
40,MAHER CHAND & GRAND SONS,Delhi,New Delhi,9718982222,k-119 mahipalpur extn old rangpuri road new delhi -110037,07bfmpk1329c3zo,GSB,276,9718982222,1,92,175,16100,GSB -  June 2025_300625 (2).xlsx
1,SUNRISE HARDWARE STORE KISHTWAR,,KISHTWAR,9796885949.0,,01AGNPI3114J1ZS,NLB,,9796885949.0,,15x5 2 pcs,,,GSB+ NLB (1).xlsx
3,IDS TRADING COMPANY,,JALANDHAR,9555008700.0,,03BBZPS4308G1ZC,GSB,,9555008700.0,,15x4 1pcs,,,GSB+ NLB (1).xlsx
4,GUPTA IRON STORE,,PATHANKOT,"9855421343, 9814321341",,03AALFG5504G2ZP,GSB,,"9855421343, 9814321341",,18x5 1pcs,,,GSB+ NLB (1).xlsx
5,KHERA AGENCIES,,SRI MUKTSAR SAHIB,9530509546.0,,03ABKPK0385P1ZC,GSB,,9530509546.0,,17.5X5 2PCS,,,GSB+ NLB (1).xlsx
11,PUNJAB IRON & CEMENT STORE,,Machhiwara,9814034147.0,,03ABRPS9220J1Z9,GSB,,9814034147.0,,20x4 1pcs,,,GSB+ NLB (1).xlsx
19,Kanha G Traders,,Charki Dadri,98129 89859,,06CJMPM3460K1ZV,GSB,,98129 89859,,17.5X3 2PCS,,,GSB+ NLB (1).xlsx
20,A K Khokher trading co.,,"VPO. Kansala, Rohtak","8826910439, 9050178502",,06WIPA2299K1ZC,GSB,,"8826910439, 9050178502",,"14.5X3 2PCS
20x5 NLB",,,GSB+ NLB (1).xlsx
22,Shiv Trading,,Ambala,9416597099.0,,06BYEPK8830M1Z0,GSB,,9416597099.0,,"20x5 1pcs
25x5 1pcs",,,GSB+ NLB (1).xlsx
23,Shiv Shakti Traders,,Barara,9991562600.0,,06AXXPS8139A1ZZ,GSB,,9991562600.0,,20X4 2PCS,,,GSB+ NLB (1).xlsx
24,Pal Cement & Steel PVT. LTD.,,Hisar,"9215510500
8053555515",,06AAGCP3809H1ZG,GSB,,"9215510500
8053555515",,20X10 1PCS,,,GSB+ NLB (1).xlsx
26,SHREE RAJ SHYAMA JI ENTERPRISES,,X-47 loha mandi  nariana - 110028,"9873636655, 9811041230",,07AERPG3314C1ZV,GSB,,"9873636655, 9811041230",,12x4 2pcs,,,GSB+ NLB (1).xlsx
2,M/S ENCORE CONSTRUCTION & HARDWARE,,UDHAMPUR,9906386465.0,,01CMZPN0262J1ZT,NLB,,9906386465.0,,20x5,,,GSB+ NLB (1).xlsx
28,Chauhan Trading Co.,,Jwala ji Police Station,821 930 7129,,02DKPS5352A1Z6,GSB,,821 930 7129,,10x3,,,GSB+ NLB (1).xlsx
27,Chand Steel,,Sanji More,9419105222.0,,01AEBPR5766B3ZS,GSB,,9419105222.0,,15X4 2PCS,,,GSB+ NLB (1).xlsx
25,N d traders,,Lale Da Bagh (Sangrampur),"9070073757, 
7006434837",,01CMIPS1651P2ZP,GSB,,"9070073757, 
7006434837",,20x10 1pcs,,,GSB+ NLB (1).xlsx
9,KABRA IRON AGENCIES,,"SARDARPURA, JODHPUR, 342001","9829028700, 9928323035",,08ACAPK9721G1ZN,NLB,,"9829028700, 9928323035",,20x5 1pcs,,,GSB+ NLB (1).xlsx
6,R B TRADERS,,GANGANAGAR,7023333704.0,,08AAWFR6726Q2ZY,GSB,,7023333704.0,,18X4 2PCS,,,GSB+ NLB (1).xlsx
7,BALAJI IRON TRADERS,,JODHPUR,9166778101.0,,08AEWPT7063E1ZT,GSB,,9166778101.0,,10x4 1pcs,,,GSB+ NLB (1).xlsx
8,ROYAL STEEL,,Phalodi,9610300786.0,,08ACFPL7487H1Z4,GSB,,9610300786.0,,20X4 3PCS,,,GSB+ NLB (1).xlsx
10,BITLA STEEL SALES CORPORATION,,LUDHIANA,9814925347.0,,03ASMPS5941M1ZW,GSB,,9814925347.0,,19.5x5 1pcs,,,GSB+ NLB (1).xlsx
12,PARAS RAJ INDUSTRIES,,UDAIPUR,6376871284.0,,08ALXPK5164H2ZH,GSB,,6376871284.0,,20x4 1pcs,,,GSB+ NLB (1).xlsx
13,KASUBHAIWALA STEELS,,Bhinder,"9829795710, 9414830967",,08ABYPB2190F1ZJ,GSB,,"9829795710, 9414830967",,15x5 1pcs,,,GSB+ NLB (1).xlsx
13,KASUBHAIWALA STEELS,,Bhinder,"9829795710, 9414830967",,08ABYPB2190F1ZJ,NLB,,"9829795710, 9414830967",,15X4 2PCS,,,GSB+ NLB (1).xlsx
14,SHREE SHYAM BUILDING MATERIAL SUPPLIER,,Ratangarh,7908126002.0,,08CPXPS3627B1ZG,NLB,,7908126002.0,,15X4 2PCS,,,GSB+ NLB (1).xlsx
15,M.H BOHRA ENTERPRISES PRIVATE LIMITED,,KOTA,90244 63937,,08AAGCM8317D1ZI,NLB,,90244 63937,,"19X3 2PCS
20X3 1PCS",,,GSB+ NLB (1).xlsx
16,BANDOOKWALA ISPAT PRIVATE LIMITED,,UDAIPUR,9982096952.0,,08AACCB5831D1Z0,GSB,,9982096952.0,,20x4 1pcs,,,GSB+ NLB (1).xlsx
17,NEEL KANTH STEEL,,JODHPUR,9414188424.0,,08BEQPP9903L1ZM,GSB,,9414188424.0,,15X4 2PCS,,,GSB+ NLB (1).xlsx
18,Mahadev Building Material,,JODHPUR,"9460662851, 9413849661",,08BJNPR5844L1ZC,GSB,,"9460662851, 9413849661",,20X4 2PCS,,,GSB+ NLB (1).xlsx
21,Steel Point,,Banswara,9828180990.0,,08ABLFS6481K1ZF,GSB,,9828180990.0,,15X4 2PCS,,,GSB+ NLB (1).xlsx
1,SINGHAL IRON AND HOUSING SOLUTIONS,,Muradabad,9899000278,E- 10 Sector 1 New Muradabad 2440001,09AUTPS9926N1Z7,,,9899000278,,,,,JSW GSB NLB Board FINAL 22 jan 2026 (3).xlsx
2,Maa Durga construction,,lucknow,8127098888,"Kumau Chauk, Khargapur Gomti Nagar Vistar Lucknow",09CWIPM4793G1ZY,,,8127098888,,,,,JSW GSB NLB Board FINAL 22 jan 2026 (3).xlsx
3,Ankit Builtech Construction,,lucknow,9335454244,"73 A, Bharawara Nikat Malhaur Railway Station Main Road Lucknow",09AAFCA4167Q2Z1,,,9335454244,,,,,JSW GSB NLB Board FINAL 22 jan 2026 (3).xlsx
4,Shiva Steels,,lucknow,9935481854,"Faizabad Road Chinhat, Lucknow",09ADNPA7308K1ZC,,,9935481854,,,,,JSW GSB NLB Board FINAL 22 jan 2026 (3).xlsx
5,Arth Steels,,lucknow,9415137494,"Plot No. KH 500 and 503 Kursi Road , Basaha Lucknow",09AIDPG6725H1Z9,,,9415137494,,,,,JSW GSB NLB Board FINAL 22 jan 2026 (3).xlsx
6,Tara Chand Steel,,lucknow,9670826408,Mausam Bag Sitapur Road Lucknow,09ACMPA1728M1ZF,,,9670826408,,,,,JSW GSB NLB Board FINAL 22 jan 2026 (3).xlsx
7,Agrawal Lime Stores,,lucknow,"9453198081, 7080377387",Faizabad Road Opp. Aara Machine Daliganj Lucknow,09AAWPA3825H1ZI,,,"9453198081, 7080377387",,,,,JSW GSB NLB Board FINAL 22 jan 2026 (3).xlsx
8,Vee Vee Enterprises,,lucknow,9554822224,Mill Road Aishbag Lucknow,09AALPA5624K12L,,,9554822224,,,,,JSW GSB NLB Board FINAL 22 jan 2026 (3).xlsx
,Ram Bali & Sons,,Kanpur,9415129878,85/48 B Jhakar Kati Rd Koparganj Kanpur Nagar,09AAAFR9389R1Z0,,,9415129878,,,,,JSW GSB NLB Board FINAL 22 jan 2026 (3).xlsx
11,Nisha Steels,,Kanpur,9838833177,Kanpur,09ACVPV4805H1ZW,,,9838833177,,,,,JSW GSB NLB Board FINAL 22 jan 2026 (3).xlsx
12,M/s Ravi Traders,,Gautam Budh Nagar,"9899298008, 9811984518","Kesh Ram Market Main Dadri Road , Vill- Suthiyana Greater Noida Gautam Budh Nagar",09AQOPP7480P1ZM,,,"9899298008, 9811984518",,,,,JSW GSB NLB Board FINAL 22 jan 2026 (3).xlsx
13,Rohit Cement Agency,,GAUTAM BUDDHA NAGAR,"9350066460, 9310009345",Sector – 82 Gejha,09APLPA9770R1ZX,,,"9350066460, 9310009345",,,,,JSW GSB NLB Board FINAL 22 jan 2026 (3).xlsx
15,Singhal Enterprises,,Agra,"9411002531, 9997724292","Mulla Ki Pyau, Dhanoli Agra",09BDQPS8247D1ZX,,,"9411002531, 9997724292",,,,120,JSW GSB NLB Board FINAL 22 jan 2026 (3).xlsx
16,R.S. Building Material & Iron Store,,Agra,"8077142593, 9457250121","Infront Of D.V. Hospital Dhanauli, Agra",09BECPT2784K1ZV,,,"8077142593, 9457250121",,,,,JSW GSB NLB Board FINAL 22 jan 2026 (3).xlsx
17,Shri Bala ji Trading Co.,,Aligarh,9412733995,Aligarh,09CKTPG0833Q1ZF,,,9412733995,,,,,JSW GSB NLB Board FINAL 22 jan 2026 (3).xlsx
20,Rathore Traders,,Bareilly,"9259850809, 9259898759","97, Budaun Road Kandharpur, Bareilly",09DGUPS2873G1ZJ,,,"9259850809, 9259898759",,,,,JSW GSB NLB Board FINAL 22 jan 2026 (3).xlsx
21,Gaurimal Raghunandan Prasad & Sons,,Bareilly,"7017709324, 9927053707",Koharapeer Nainital Raod Bareilly,09AECPK1970M1Z7,,,"7017709324, 9927053707",,,,,JSW GSB NLB Board FINAL 22 jan 2026 (3).xlsx
22,M/s Sai Enterprises & M/s Jay Ambe Traders,,Bareilly,"9719854821, 8630706008, 9219715674","Infront of Golden Green Park Gate , Bisalpur Road Harungala Bareilly",09AYEPP3459L1ZT,,,"9719854821, 8630706008, 9219715674",,,,,JSW GSB NLB Board FINAL 22 jan 2026 (3).xlsx
23,Anil Building Store,,Bareily (Bisalpur),9871903895,Near Bus Stand Bisalpur,09AGFPA0372G1ZT,,,9871903895,,,,,JSW GSB NLB Board FINAL 22 jan 2026 (3).xlsx
24,Khandelwal Iron Udyog,,Ayodhya,9415145731,"Paharganj,Raibareilly Road,",09ADRPK0447M1Z0,,,9415145731,,,,,JSW GSB NLB Board FINAL 22 jan 2026 (3).xlsx
25,Amay Enterprises,,Hardoi,9415149742,Hardoi,09BAWPS2813L2ZV,,,9415149742,,,,,JSW GSB NLB Board FINAL 22 jan 2026 (3).xlsx
26,India Steel Sales,,Lucknow,"9415103422, 9554025099",Purani Chungi Kanpur Road Lucknow,09ADIPB0194M1ZE,,,"9415103422, 9554025099",,,,,JSW GSB NLB Board FINAL 22 jan 2026 (3).xlsx
27,Raj Trading Co.,,Aligarh,"9412274917, 9668500088",Etah Chungi G.T. Road Aligarh,09ABUPL7439B1Z9,,,"9412274917, 9668500088",,,,,JSW GSB NLB Board FINAL 22 jan 2026 (3).xlsx
28,Pandey Trading Company,,GONDA,9140988843,Ayudhya Road Gonda,09BWMPT7715C1Z4,,,9140988843,,,,,JSW GSB NLB Board FINAL 22 jan 2026 (3).xlsx
29,Shri Shyam Steel Company,,Siddharth Nagar,7408419999,Tharouli Near Power House Tetari Bazar Naugarh Siddharth Nagar,09CZIPA3567R1ZN,,,7408419999,,,,,JSW GSB NLB Board FINAL 22 jan 2026 (3).xlsx
30,Garg & Associates,,Gorakhpur,"8601855990, 9794115525",Suba Bazar Gorakhpur,09AANFG4646F1Z5,,,"8601855990, 9794115525",,,,36,JSW GSB NLB Board FINAL 22 jan 2026 (3).xlsx
31,Mahaveer Enterprises & Building Material,,Deoria,"9918505235, 8115110918",Deoria,09ARMPJ0760H1ZO,,,"9918505235, 8115110918",,,,,JSW GSB NLB Board FINAL 22 jan 2026 (3).xlsx
32,Shri Ambe Traders,,Deoria,9415827791,Kasiya Road Deoria,09BDIPS9799G1ZG,,,9415827791,,,,,JSW GSB NLB Board FINAL 22 jan 2026 (3).xlsx
33,Jaiswal Steel corporation,,Gorakhpur,9129205444,Transport Nagar Gorakhpur (U.P.),09AICPJ5899C1Z0,,,9129205444,,,,,JSW GSB NLB Board FINAL 22 jan 2026 (3).xlsx
34,Mahaveer Traders,,Gorakhpur,9795404950,Gola Bazar Gorakhpur,09BIWPJ1508B1ZB,,,9795404950,,,,,JSW GSB NLB Board FINAL 22 jan 2026 (3).xlsx
35,M/s Jain Steel House,,Amroha,8218963200,Near Bhanpur Railway Crossing Ganga Nagar Gajraula Amroha,09AGTPJ4440Q2ZJ,,,8218963200,,,,,JSW GSB NLB Board FINAL 22 jan 2026 (3).xlsx
36,Shukla ji Traders,,Azamgarh,"7007363391, 7007483433",Lachhirampur Azamgarh,09JVDPS3226P1ZR,,,"7007363391, 7007483433",,,,,JSW GSB NLB Board FINAL 22 jan 2026 (3).xlsx
37,Vaishnavi Trading Corporation,,lucknow,9415755778,"Aashiana , Lucknow",09AFMPA5933R1ZS,,,9415755778,,,,,JSW GSB NLB Board FINAL 22 jan 2026 (3).xlsx
38,Keshav Steel,,Varanasi,9519815333,Varanasi,09AAQFK4385A1Z4,,,9519815333,,,,135,JSW GSB NLB Board FINAL 22 jan 2026 (3).xlsx
39,Mishra Building Solutions,,Varanasi,7007599046,"Sadar Banwaripur, Varanasi",09ANIPD0592P2ZI,,,7007599046,,,,90,JSW GSB NLB Board FINAL 22 jan 2026 (3).xlsx
40,Shri Bala ji Enterprises,,Samli,9520300100,Bhainswal Road Samli,09AXHPG2128B2ZX,,,9520300100,,,,30,JSW GSB NLB Board FINAL 22 jan 2026 (3).xlsx
41,Gaba Trading company,,Saharanpur,8279982168,Ankit Vihar Coloni Saharanpur,09CZKPG7895J1ZG,,,8279982168,,,,,JSW GSB NLB Board FINAL 22 jan 2026 (3).xlsx
42,Singh Traders,,Prayagraj,7724860024,Kazipur Road Naini Prayagraj,09EIPPS4184C1ZQ,,,7724860024,,,,90,JSW GSB NLB Board FINAL 22 jan 2026 (3).xlsx
43,M/S SHASHI TRADING COMPANY,,Bulandshahr,9897024250,Dipti Ganj Buland Shahar,09ATWPG5854B1ZC,,,9897024250,,,,78,JSW GSB NLB Board FINAL 22 jan 2026 (3).xlsx
44,M/S POOJA HARDWARE & STEEL CORPORATION,,BIJNOR,9917000016,Najibabad,09ADDPK3341C1ZO,,,9917000016,,,,,JSW GSB NLB Board FINAL 22 jan 2026 (3).xlsx
45,Gautam Steel & Building Material,,BulandShahar,8923008971,Transport Nagar BulandShahar,09DSJPK9826G1Z6,,,8923008971,,,,,JSW GSB NLB Board FINAL 22 jan 2026 (3).xlsx
46,Kesharvani Steels & Senetry,,Balrampur,"7905070278, 9415120906",Bahraich Road Nikat Tahasil Balrampur,09AAAHU5964K1ZI,,,"7905070278, 9415120906",,,,,JSW GSB NLB Board FINAL 22 jan 2026 (3).xlsx
47,M/s Samiksha & Sidhi Enterprises,,Maharajganj,9451213660,Chhatriram Partawal Bazar Mahrajganj Road Mahrajganj,09BCPPP5805G1Z7,,,9451213660,,,,,JSW GSB NLB Board FINAL 22 jan 2026 (3).xlsx
48,Flat World Inframart,,Gaziabad,"9990202424, 9999102424",C 232 Bs Road Indestrial Area Gaziabad,09AAJFF0351J1ZF,,,"9990202424, 9999102424",,,,216,JSW GSB NLB Board FINAL 22 jan 2026 (3).xlsx
49,Keshari Bhandar,,Narayanpur,9580127502,Narayanpur,09AAGFK4741C1ZI,,,9580127502,,,,88,JSW GSB NLB Board FINAL 22 jan 2026 (3).xlsx
50,M/S SAWARIYA P DEPO,,Sonbhadra,9918123485,Obra,09BGDPB9358N1ZU,,,9918123485,,,,88,JSW GSB NLB Board FINAL 22 jan 2026 (3).xlsx
,Sr.no.,,,,,,,,,,,,,"JSW One Tmt Dealer GSB ,NLB Installation 8 July 2025.xlsx"
,1,,,,,,,,,,,,,"JSW One Tmt Dealer GSB ,NLB Installation 8 July 2025.xlsx"
,2,,,,,,,,,,,,,"JSW One Tmt Dealer GSB ,NLB Installation 8 July 2025.xlsx"
,3,,,,,,,,,,,,,"JSW One Tmt Dealer GSB ,NLB Installation 8 July 2025.xlsx"
,4,,,,,,,,,,,,,"JSW One Tmt Dealer GSB ,NLB Installation 8 July 2025.xlsx"
,5,,,,,,,,,,,,,"JSW One Tmt Dealer GSB ,NLB Installation 8 July 2025.xlsx"
,6,,,,,,,,,,,,,"JSW One Tmt Dealer GSB ,NLB Installation 8 July 2025.xlsx"
,7,,,,,,,,,,,,,"JSW One Tmt Dealer GSB ,NLB Installation 8 July 2025.xlsx"
,8,,,,,,,,,,,,,"JSW One Tmt Dealer GSB ,NLB Installation 8 July 2025.xlsx"
,9,,,,,,,,,,,,,"JSW One Tmt Dealer GSB ,NLB Installation 8 July 2025.xlsx"
,10,,,,,,,,,,,,,"JSW One Tmt Dealer GSB ,NLB Installation 8 July 2025.xlsx"
,11,,,,,,,,,,,,,"JSW One Tmt Dealer GSB ,NLB Installation 8 July 2025.xlsx"
,12,,,,,,,,,,,,,"JSW One Tmt Dealer GSB ,NLB Installation 8 July 2025.xlsx"
,13,,,,,,,,,,,,,"JSW One Tmt Dealer GSB ,NLB Installation 8 July 2025.xlsx"
,14,,,,,,,,,,,,,"JSW One Tmt Dealer GSB ,NLB Installation 8 July 2025.xlsx"
,15,,,,,,,,,,,,,"JSW One Tmt Dealer GSB ,NLB Installation 8 July 2025.xlsx"
,16,,,,,,,,,,,,,"JSW One Tmt Dealer GSB ,NLB Installation 8 July 2025.xlsx"
,17,,,,,,,,,,,,,"JSW One Tmt Dealer GSB ,NLB Installation 8 July 2025.xlsx"
,18,,,,,,,,,,,,,"JSW One Tmt Dealer GSB ,NLB Installation 8 July 2025.xlsx"
,19,,,,,,,,,,,,,"JSW One Tmt Dealer GSB ,NLB Installation 8 July 2025.xlsx"
